areaCode,areaName,areaType,date,capacityPillarOneTwo,cumAdmissions,cumCasesBySpecimenDate,cumDailyNsoDeathsByDeathDate,cumDeaths28DaysByDeathDate
K02000001,United Kingdom,overview,05/10/2021,845135,,8006660,,137295
K02000001,United Kingdom,overview,04/10/2021,845135,,7997344,,137268
K02000001,United Kingdom,overview,03/10/2021,845135,,7960308,,137214
K02000001,United Kingdom,overview,02/10/2021,830605,550270,7929854,,137155
K02000001,United Kingdom,overview,01/10/2021,851225,549604,7904585,,137086
K02000001,United Kingdom,overview,30/09/2021,845015,548958,7876147,,136989
K02000001,United Kingdom,overview,29/09/2021,830625,548308,7844222,,136898
K02000001,United Kingdom,overview,28/09/2021,840695,547520,7809966,,136790
K02000001,United Kingdom,overview,27/09/2021,884915,546763,7774085,,136693
K02000001,United Kingdom,overview,26/09/2021,880945,545991,7733224,,136586
K02000001,United Kingdom,overview,25/09/2021,876735,545329,7701741,,136498
K02000001,United Kingdom,overview,24/09/2021,871585,544664,7673909,162533,136381
K02000001,United Kingdom,overview,23/09/2021,864675,543941,7642338,162464,136260
K02000001,United Kingdom,overview,22/09/2021,873595,543173,7607131,162365,136124
K02000001,United Kingdom,overview,21/09/2021,875105,542427,7571005,162251,135983
K02000001,United Kingdom,overview,20/09/2021,875625,541636,7532794,162143,135863
K02000001,United Kingdom,overview,19/09/2021,840095,540832,7492717,162009,135730
K02000001,United Kingdom,overview,18/09/2021,828465,540108,7462196,161889,135607
K02000001,United Kingdom,overview,17/09/2021,827315,539350,7435915,161763,135487
K02000001,United Kingdom,overview,16/09/2021,820440,538595,7406863,161596,135318
K02000001,United Kingdom,overview,15/09/2021,822630,537710,7377695,161447,135170
K02000001,United Kingdom,overview,14/09/2021,823180,536764,7347762,161292,135029
K02000001,United Kingdom,overview,13/09/2021,799250,535820,7316846,161139,134876
K02000001,United Kingdom,overview,12/09/2021,771580,534885,7282737,161027,134766
K02000001,United Kingdom,overview,11/09/2021,771350,534024,7259073,160891,134628
K02000001,United Kingdom,overview,10/09/2021,761870,533172,7235885,160751,134493
K02000001,United Kingdom,overview,09/09/2021,762132,532253,7207188,160605,134350
K02000001,United Kingdom,overview,08/09/2021,756772,531222,7173785,160431,134188
K02000001,United Kingdom,overview,07/09/2021,686792,530061,7138560,160294,134050
K02000001,United Kingdom,overview,06/09/2021,687285,528962,7100542,160137,133896
K02000001,United Kingdom,overview,05/09/2021,767415,527886,7056403,159989,133759
K02000001,United Kingdom,overview,04/09/2021,758815,527009,7025150,159838,133605
K02000001,United Kingdom,overview,03/09/2021,748565,526061,6993793,159705,133473
K02000001,United Kingdom,overview,02/09/2021,720242,525137,6955779,159559,133326
K02000001,United Kingdom,overview,01/09/2021,718582,524138,6914155,159425,133199
K02000001,United Kingdom,overview,31/08/2021,698152,523062,6871319,159312,133083
K02000001,United Kingdom,overview,30/08/2021,758152,522067,6826836,159196,132968
K02000001,United Kingdom,overview,29/08/2021,762152,521070,6792661,159089,132862
K02000001,United Kingdom,overview,28/08/2021,751792,520218,6766965,158956,132734
K02000001,United Kingdom,overview,27/08/2021,752152,519358,6739799,158826,132612
K02000001,United Kingdom,overview,26/08/2021,747435,518421,6706617,158694,132485
K02000001,United Kingdom,overview,25/08/2021,747435,517470,6669630,158575,132369
K02000001,United Kingdom,overview,24/08/2021,751251,516439,6631531,158474,132269
K02000001,United Kingdom,overview,23/08/2021,768851,515444,6594509,158361,132156
K02000001,United Kingdom,overview,22/08/2021,722911,514481,6555470,158243,132043
K02000001,United Kingdom,overview,21/08/2021,722611,513649,6527173,158119,131927
K02000001,United Kingdom,overview,20/08/2021,723731,512779,6499081,158007,131823
K02000001,United Kingdom,overview,19/08/2021,723098,511913,6467409,157884,131706
K02000001,United Kingdom,overview,18/08/2021,723868,510970,6431576,157774,131599
K02000001,United Kingdom,overview,17/08/2021,722768,510062,6393566,157668,131501
K02000001,United Kingdom,overview,16/08/2021,722928,509095,6356376,157571,131395
K02000001,United Kingdom,overview,15/08/2021,720028,508225,6320186,157487,131317
K02000001,United Kingdom,overview,14/08/2021,719968,507417,6295264,157398,131233
K02000001,United Kingdom,overview,13/08/2021,709848,506628,6270618,157297,131140
K02000001,United Kingdom,overview,12/08/2021,710619,505841,6242167,157201,131036
K02000001,United Kingdom,overview,11/08/2021,710603,504983,6211038,157101,130931
K02000001,United Kingdom,overview,10/08/2021,710103,504137,6178300,157016,130844
K02000001,United Kingdom,overview,09/08/2021,710193,503245,6147368,156933,130763
K02000001,United Kingdom,overview,08/08/2021,708743,502490,6115838,156850,130684
K02000001,United Kingdom,overview,07/08/2021,708793,501749,6093423,156768,130605
K02000001,United Kingdom,overview,06/08/2021,704743,501023,6071306,156663,130510
K02000001,United Kingdom,overview,05/08/2021,704773,500244,6043763,156568,130417
K02000001,United Kingdom,overview,04/08/2021,703893,499435,6012682,156472,130318
K02000001,United Kingdom,overview,03/08/2021,703773,498600,5980954,156381,130239
K02000001,United Kingdom,overview,02/08/2021,703513,497836,5951135,156304,130165
K02000001,United Kingdom,overview,01/08/2021,699013,497051,5921864,156214,130086
K02000001,United Kingdom,overview,31/07/2021,699013,496311,5901349,156118,129993
K02000001,United Kingdom,overview,30/07/2021,699013,495637,5881192,156029,129904
K02000001,United Kingdom,overview,29/07/2021,699025,494893,5856908,155930,129799
K02000001,United Kingdom,overview,28/07/2021,695025,494056,5829004,155845,129722
K02000001,United Kingdom,overview,27/07/2021,691025,493205,5799341,155764,129636
K02000001,United Kingdom,overview,26/07/2021,703325,492290,5770295,155690,129563
K02000001,United Kingdom,overview,25/07/2021,686025,491353,5740900,155614,129489
K02000001,United Kingdom,overview,24/07/2021,686025,490413,5719124,155545,129418
K02000001,United Kingdom,overview,23/07/2021,680025,489587,5696641,155479,129347
K02000001,United Kingdom,overview,22/07/2021,659885,488723,5669359,155400,129266
K02000001,United Kingdom,overview,21/07/2021,659085,487769,5638613,155316,129190
K02000001,United Kingdom,overview,20/07/2021,646085,486840,5603679,155256,129136
K02000001,United Kingdom,overview,19/07/2021,629385,485904,5564606,155190,129078
K02000001,United Kingdom,overview,18/07/2021,652385,485030,5517702,155104,128995
K02000001,United Kingdom,overview,17/07/2021,652385,484231,5482198,155033,128929
K02000001,United Kingdom,overview,16/07/2021,646385,483522,5444344,154974,128877
K02000001,United Kingdom,overview,15/07/2021,644403,482821,5390111,154921,128827
K02000001,United Kingdom,overview,14/07/2021,644403,482049,5329347,154869,128775
K02000001,United Kingdom,overview,13/07/2021,605403,481295,5275516,154824,128733
K02000001,United Kingdom,overview,12/07/2021,574403,480545,5228780,154775,128684
K02000001,United Kingdom,overview,11/07/2021,620403,479813,5185128,154736,128645
K02000001,United Kingdom,overview,10/07/2021,620403,479221,5155101,154701,128612
K02000001,United Kingdom,overview,09/07/2021,632403,478669,5127222,154658,128570
K02000001,United Kingdom,overview,08/07/2021,606389,478113,5094998,154610,128523
K02000001,United Kingdom,overview,07/07/2021,624389,477507,5061648,154569,128485
K02000001,United Kingdom,overview,06/07/2021,624389,476939,5023834,154534,128457
K02000001,United Kingdom,overview,05/07/2021,600483,476365,4988472,154500,128425
K02000001,United Kingdom,overview,04/07/2021,600483,475848,4954276,154472,128397
K02000001,United Kingdom,overview,03/07/2021,600483,475383,4929604,154443,128369
K02000001,United Kingdom,overview,02/07/2021,594483,474992,4906037,154413,128341
K02000001,United Kingdom,overview,01/07/2021,599478,474602,4880257,154383,128314
K02000001,United Kingdom,overview,30/06/2021,589478,474231,4852141,154355,128293
K02000001,United Kingdom,overview,29/06/2021,581070,473816,4823811,154329,128272
K02000001,United Kingdom,overview,28/06/2021,576070,473449,4796215,154305,128249
K02000001,United Kingdom,overview,27/06/2021,598070,473139,4768465,154287,128237
K02000001,United Kingdom,overview,26/06/2021,596070,472872,4750335,154263,128217
K02000001,United Kingdom,overview,25/06/2021,596070,472605,4734362,154246,128200
K02000001,United Kingdom,overview,24/06/2021,584073,472350,4716579,154225,128180
K02000001,United Kingdom,overview,23/06/2021,574073,472094,4698278,154197,128159
K02000001,United Kingdom,overview,22/06/2021,574073,471817,4680369,154189,128152
K02000001,United Kingdom,overview,21/06/2021,574073,471579,4663363,154172,128139
K02000001,United Kingdom,overview,20/06/2021,579073,471351,4647404,154160,128123
K02000001,United Kingdom,overview,19/06/2021,579073,471145,4637530,154139,128100
K02000001,United Kingdom,overview,18/06/2021,579073,470933,4629275,154120,128078
K02000001,United Kingdom,overview,17/06/2021,579131,470697,4619220,154103,128065
K02000001,United Kingdom,overview,16/06/2021,579131,470455,4608443,154094,128059
K02000001,United Kingdom,overview,15/06/2021,579131,470227,4597670,154081,128048
K02000001,United Kingdom,overview,14/06/2021,579462,469995,4587167,154061,128029
K02000001,United Kingdom,overview,13/06/2021,579462,469767,4577059,154049,128020
K02000001,United Kingdom,overview,12/06/2021,583462,469545,4570104,154037,128010
K02000001,United Kingdom,overview,11/06/2021,573462,469368,4563987,154026,127997
K02000001,United Kingdom,overview,10/06/2021,573459,469190,4556544,154013,127991
K02000001,United Kingdom,overview,09/06/2021,568459,468990,4548706,153997,127980
K02000001,United Kingdom,overview,08/06/2021,568459,468797,4540704,153981,127973
K02000001,United Kingdom,overview,07/06/2021,587538,468608,4533030,153966,127965
K02000001,United Kingdom,overview,06/06/2021,563538,468433,4525286,153959,127960
K02000001,United Kingdom,overview,05/06/2021,570938,468279,4519880,153946,127954
K02000001,United Kingdom,overview,04/06/2021,570938,468153,4515258,153940,127949
K02000001,United Kingdom,overview,03/06/2021,571266,468030,4509552,153928,127940
K02000001,United Kingdom,overview,02/06/2021,571266,467904,4503452,153912,127928
K02000001,United Kingdom,overview,01/06/2021,570816,467776,4497402,153900,127918
K02000001,United Kingdom,overview,31/05/2021,645813,467622,4492167,153890,127914
K02000001,United Kingdom,overview,30/05/2021,638416,467498,4488386,153879,127907
K02000001,United Kingdom,overview,29/05/2021,645816,467386,4485291,153871,127899
K02000001,United Kingdom,overview,28/05/2021,645816,467282,4482359,153859,127892
K02000001,United Kingdom,overview,27/05/2021,645811,467142,4478869,153846,127884
K02000001,United Kingdom,overview,26/05/2021,645811,467015,4475231,153838,127876
K02000001,United Kingdom,overview,25/05/2021,645811,466883,4471430,153824,127865
K02000001,United Kingdom,overview,24/05/2021,645811,466750,4468122,153814,127861
K02000001,United Kingdom,overview,23/05/2021,638411,466611,4464884,153798,127852
K02000001,United Kingdom,overview,22/05/2021,645811,466497,4462643,153782,127845
K02000001,United Kingdom,overview,21/05/2021,645810,466377,4460716,153778,127841
K02000001,United Kingdom,overview,20/05/2021,645811,466253,4458422,153760,127834
K02000001,United Kingdom,overview,19/05/2021,645811,466121,4455997,153753,127829
K02000001,United Kingdom,overview,18/05/2021,645811,465995,4453284,153749,127824
K02000001,United Kingdom,overview,17/05/2021,645811,465867,4450576,153739,127818
K02000001,United Kingdom,overview,16/05/2021,618411,465765,4447812,153726,127811
K02000001,United Kingdom,overview,15/05/2021,625811,465685,4445959,153712,127803
K02000001,United Kingdom,overview,14/05/2021,625811,465594,4444378,153698,127796
K02000001,United Kingdom,overview,13/05/2021,645838,465501,4442528,153684,127790
K02000001,United Kingdom,overview,12/05/2021,650838,465395,4440432,153669,127785
K02000001,United Kingdom,overview,11/05/2021,645838,465276,4438201,153654,127774
K02000001,United Kingdom,overview,10/05/2021,635580,465166,4436001,153634,127760
K02000001,United Kingdom,overview,09/05/2021,648180,465062,4433345,153626,127752
K02000001,United Kingdom,overview,08/05/2021,655580,464959,4431173,153615,127743
K02000001,United Kingdom,overview,07/05/2021,650580,464850,4429660,153595,127735
K02000001,United Kingdom,overview,06/05/2021,650553,464746,4427777,153578,127725
K02000001,United Kingdom,overview,05/05/2021,650553,464626,4425610,153561,127715
K02000001,United Kingdom,overview,04/05/2021,655553,464508,4423211,153539,127703
K02000001,United Kingdom,overview,03/05/2021,655553,464406,4420807,153524,127693
K02000001,United Kingdom,overview,02/05/2021,648153,464283,4418834,153507,127685
K02000001,United Kingdom,overview,01/05/2021,647353,464163,4417409,153489,127673
K02000001,United Kingdom,overview,30/04/2021,647353,464062,4416052,153474,127665
K02000001,United Kingdom,overview,29/04/2021,647351,463952,4414348,153458,127657
K02000001,United Kingdom,overview,28/04/2021,652351,463852,4412264,153441,127644
K02000001,United Kingdom,overview,27/04/2021,652351,463740,4409903,153420,127630
K02000001,United Kingdom,overview,26/04/2021,652351,463572,4407845,153394,127618
K02000001,United Kingdom,overview,25/04/2021,628141,463438,4405401,153374,127605
K02000001,United Kingdom,overview,24/04/2021,653251,463300,4403409,153349,127590
K02000001,United Kingdom,overview,23/04/2021,653251,463171,4401945,153325,127582
K02000001,United Kingdom,overview,22/04/2021,653250,463016,4400054,153296,127561
K02000001,United Kingdom,overview,21/04/2021,653250,462896,4397800,153263,127545
K02000001,United Kingdom,overview,20/04/2021,653250,462724,4395257,153228,127521
K02000001,United Kingdom,overview,19/04/2021,653038,462589,4392891,153193,127502
K02000001,United Kingdom,overview,18/04/2021,650138,462412,4390289,153170,127484
K02000001,United Kingdom,overview,17/04/2021,652738,462271,4387852,153140,127467
K02000001,United Kingdom,overview,16/04/2021,652738,462113,4386214,153100,127445
K02000001,United Kingdom,overview,15/04/2021,655338,461955,4383861,153070,127428
K02000001,United Kingdom,overview,14/04/2021,654438,461794,4381672,153028,127407
K02000001,United Kingdom,overview,13/04/2021,655438,461598,4379268,152994,127390
K02000001,United Kingdom,overview,12/04/2021,650438,461417,4376934,152947,127370
K02000001,United Kingdom,overview,11/04/2021,648538,461209,4374220,152910,127343
K02000001,United Kingdom,overview,10/04/2021,649538,461005,4371964,152871,127321
K02000001,United Kingdom,overview,09/04/2021,649138,460818,4369705,152828,127297
K02000001,United Kingdom,overview,08/04/2021,648345,460613,4366920,152790,127274
K02000001,United Kingdom,overview,07/04/2021,646945,460405,4363937,152730,127239
K02000001,United Kingdom,overview,06/04/2021,646045,460171,4360855,152686,127210
K02000001,United Kingdom,overview,05/04/2021,645945,459947,4357737,152641,127182
K02000001,United Kingdom,overview,04/04/2021,633145,459709,4355121,152597,127165
K02000001,United Kingdom,overview,03/04/2021,631845,459512,4352828,152546,127139
K02000001,United Kingdom,overview,02/04/2021,631545,459289,4350425,152506,127108
K02000001,United Kingdom,overview,01/04/2021,653528,459051,4347800,152456,127080
K02000001,United Kingdom,overview,31/03/2021,679928,458818,4344332,152393,127049
K02000001,United Kingdom,overview,30/03/2021,764628,458549,4340560,152319,127011
K02000001,United Kingdom,overview,29/03/2021,786098,458293,4336965,152265,126968
K02000001,United Kingdom,overview,28/03/2021,770298,458043,4332997,152197,126933
K02000001,United Kingdom,overview,27/03/2021,771298,457771,4328340,152148,126899
K02000001,United Kingdom,overview,26/03/2021,774498,457498,4324798,152085,126863
K02000001,United Kingdom,overview,25/03/2021,774573,457200,4320407,152012,126815
K02000001,United Kingdom,overview,24/03/2021,774073,456860,4315006,151935,126770
K02000001,United Kingdom,overview,23/03/2021,768873,456512,4308992,151865,126730
K02000001,United Kingdom,overview,22/03/2021,768473,456145,4303732,151772,126680
K02000001,United Kingdom,overview,21/03/2021,752473,455784,4297528,151667,126615
K02000001,United Kingdom,overview,20/03/2021,752473,455426,4292295,151544,126535
K02000001,United Kingdom,overview,19/03/2021,752473,455062,4288193,151445,126471
K02000001,United Kingdom,overview,18/03/2021,753013,454682,4283197,151343,126401
K02000001,United Kingdom,overview,17/03/2021,753013,454231,4277723,151244,126343
K02000001,United Kingdom,overview,16/03/2021,753113,453785,4271952,151118,126264
K02000001,United Kingdom,overview,15/03/2021,758854,453343,4266278,151005,126184
K02000001,United Kingdom,overview,14/03/2021,736154,452840,4259774,150870,126093
K02000001,United Kingdom,overview,13/03/2021,736854,452412,4255473,150738,125999
K02000001,United Kingdom,overview,12/03/2021,734654,451951,4251227,150604,125892
K02000001,United Kingdom,overview,11/03/2021,734609,451469,4245638,150470,125800
K02000001,United Kingdom,overview,10/03/2021,778609,450919,4239868,150299,125679
K02000001,United Kingdom,overview,09/03/2021,775609,450352,4233831,150139,125563
K02000001,United Kingdom,overview,08/03/2021,775609,449773,4227602,149954,125430
K02000001,United Kingdom,overview,07/03/2021,767836,449197,4220959,149758,125287
K02000001,United Kingdom,overview,06/03/2021,769024,448662,4216675,149564,125156
K02000001,United Kingdom,overview,05/03/2021,754293,448024,4212170,149354,125003
K02000001,United Kingdom,overview,04/03/2021,754126,447425,4206867,149133,124834
K02000001,United Kingdom,overview,03/03/2021,753326,446721,4201141,148900,124681
K02000001,United Kingdom,overview,02/03/2021,750326,446008,4195167,148686,124534
K02000001,United Kingdom,overview,01/03/2021,750650,445174,4188513,148443,124352
K02000001,United Kingdom,overview,28/02/2021,749036,444351,4181638,148152,124127
K02000001,United Kingdom,overview,27/02/2021,750052,443582,4176924,147874,123915
K02000001,United Kingdom,overview,26/02/2021,777124,442840,4172108,147568,123686
K02000001,United Kingdom,overview,25/02/2021,779624,441976,4165545,147268,123460
K02000001,United Kingdom,overview,24/02/2021,778724,441007,4157824,146920,123201
K02000001,United Kingdom,overview,23/02/2021,779624,439985,4149280,146557,122927
K02000001,United Kingdom,overview,22/02/2021,777122,438865,4139902,146180,122640
K02000001,United Kingdom,overview,21/02/2021,736036,437746,4128662,145806,122359
K02000001,United Kingdom,overview,20/02/2021,775452,436589,4120794,145396,122034
K02000001,United Kingdom,overview,19/02/2021,778541,435497,4112743,144947,121685
K02000001,United Kingdom,overview,18/02/2021,777024,434224,4102361,144483,121304
K02000001,United Kingdom,overview,17/02/2021,778499,432885,4090949,143963,120888
K02000001,United Kingdom,overview,16/02/2021,778499,431473,4079389,143460,120458
K02000001,United Kingdom,overview,15/02/2021,767997,429979,4066905,142896,120013
K02000001,United Kingdom,overview,14/02/2021,759083,428475,4052639,142285,119495
K02000001,United Kingdom,overview,13/02/2021,766827,426940,4043886,141686,119002
K02000001,United Kingdom,overview,12/02/2021,771294,425514,4035131,141104,118512
K02000001,United Kingdom,overview,11/02/2021,770917,424005,4022971,140472,117985
K02000001,United Kingdom,overview,10/02/2021,769711,422325,4010233,139804,117414
K02000001,United Kingdom,overview,09/02/2021,768771,420600,3996753,139095,116807
K02000001,United Kingdom,overview,08/02/2021,766876,418845,3982955,138373,116200
K02000001,United Kingdom,overview,07/02/2021,739738,416924,3967251,137596,115524
K02000001,United Kingdom,overview,06/02/2021,740345,415073,3955878,136845,114889
K02000001,United Kingdom,overview,05/02/2021,740302,413179,3943921,136062,114190
K02000001,United Kingdom,overview,04/02/2021,740611,411173,3928078,135192,113438
K02000001,United Kingdom,overview,03/02/2021,770305,409031,3910124,134369,112723
K02000001,United Kingdom,overview,02/02/2021,768851,406671,3890730,133402,111866
K02000001,United Kingdom,overview,01/02/2021,778967,404187,3870977,132443,111017
K02000001,United Kingdom,overview,31/01/2021,796690,401585,3848647,131440,110126
K02000001,United Kingdom,overview,30/01/2021,800097,399178,3833280,130449,109234
K02000001,United Kingdom,overview,29/01/2021,806463,396707,3816615,129427,108322
K02000001,United Kingdom,overview,28/01/2021,805634,394020,3794849,128275,107255
K02000001,United Kingdom,overview,27/01/2021,812225,390974,3770720,127053,106148
K02000001,United Kingdom,overview,26/01/2021,810972,387916,3745051,125826,105037
K02000001,United Kingdom,overview,25/01/2021,809470,384765,3718086,124657,103978
K02000001,United Kingdom,overview,24/01/2021,809428,381834,3688187,123402,102814
K02000001,United Kingdom,overview,23/01/2021,806988,378722,3671036,122170,101657
K02000001,United Kingdom,overview,22/01/2021,811656,375605,3649217,120890,100493
K02000001,United Kingdom,overview,21/01/2021,810766,372212,3619697,119558,99249
K02000001,United Kingdom,overview,20/01/2021,811185,368576,3588046,118216,98013
K02000001,United Kingdom,overview,19/01/2021,813752,364526,3552985,116838,96717
K02000001,United Kingdom,overview,18/01/2021,810854,360365,3513528,115354,95358
K02000001,United Kingdom,overview,17/01/2021,799772,356300,3468767,113956,94064
K02000001,United Kingdom,overview,16/01/2021,802808,352550,3439930,112601,92797
K02000001,United Kingdom,overview,15/01/2021,802598,348609,3409412,111187,91491
K02000001,United Kingdom,overview,14/01/2021,795950,344924,3369031,109869,90266
K02000001,United Kingdom,overview,13/01/2021,801260,340821,3326668,108533,89039
K02000001,United Kingdom,overview,12/01/2021,799814,336597,3281280,107230,87825
K02000001,United Kingdom,overview,11/01/2021,793534,332014,3231907,105915,86616
K02000001,United Kingdom,overview,10/01/2021,784972,327705,3174812,104677,85486
K02000001,United Kingdom,overview,09/01/2021,786910,323768,3138482,103509,84391
K02000001,United Kingdom,overview,08/01/2021,779418,319641,3099401,102418,83373
K02000001,United Kingdom,overview,07/01/2021,776382,315642,3052426,101367,82387
K02000001,United Kingdom,overview,06/01/2021,768882,311347,3000471,100314,81393
K02000001,United Kingdom,overview,05/01/2021,774238,306955,2943099,99300,80462
K02000001,United Kingdom,overview,04/01/2021,760952,302837,2878021,98338,79556
K02000001,United Kingdom,overview,03/01/2021,753753,298901,2801882,97443,78716
K02000001,United Kingdom,overview,02/01/2021,758004,295252,2746720,96637,77957
K02000001,United Kingdom,overview,01/01/2021,710006,291808,2686303,95807,77198
K02000001,United Kingdom,overview,31/12/2020,720746,288439,2654473,94998,76450
K02000001,United Kingdom,overview,30/12/2020,721514,285518,2601698,94174,75693
K02000001,United Kingdom,overview,29/12/2020,738114,282224,2530944,93414,74972
K02000001,United Kingdom,overview,28/12/2020,755406,278972,2449463,92701,74316
K02000001,United Kingdom,overview,27/12/2020,748622,275834,2403889,91978,73638
K02000001,United Kingdom,overview,26/12/2020,719216,272962,2356197,91260,72986
K02000001,United Kingdom,overview,25/12/2020,700306,270432,2315829,90568,72332
K02000001,United Kingdom,overview,24/12/2020,719971,268251,2301659,89913,71720
K02000001,United Kingdom,overview,23/12/2020,711264,266168,2269858,89297,71138
K02000001,United Kingdom,overview,22/12/2020,715114,263889,2227697,88668,70573
K02000001,United Kingdom,overview,21/12/2020,682894,261408,2182047,88039,70011
K02000001,United Kingdom,overview,20/12/2020,663550,259038,2134688,87437,69436
K02000001,United Kingdom,overview,19/12/2020,646636,256867,2102243,86886,68930
K02000001,United Kingdom,overview,18/12/2020,572780,254822,2077100,86338,68442
K02000001,United Kingdom,overview,17/12/2020,584280,252901,2041272,85752,67928
K02000001,United Kingdom,overview,16/12/2020,549480,250757,2007379,85185,67390
K02000001,United Kingdom,overview,15/12/2020,533964,248676,1972476,84701,66957
K02000001,United Kingdom,overview,14/12/2020,552810,246718,1938642,84194,66498
K02000001,United Kingdom,overview,13/12/2020,542366,244762,1903942,83688,66019
K02000001,United Kingdom,overview,12/12/2020,542836,243007,1881959,83208,65601
K02000001,United Kingdom,overview,11/12/2020,537163,241207,1862607,82720,65164
K02000001,United Kingdom,overview,10/12/2020,536978,239519,1838555,82229,64711
K02000001,United Kingdom,overview,09/12/2020,552186,237764,1815954,81733,64264
K02000001,United Kingdom,overview,08/12/2020,559686,236007,1794354,81285,63833
K02000001,United Kingdom,overview,07/12/2020,561716,234224,1773579,80813,63398
K02000001,United Kingdom,overview,06/12/2020,555960,232562,1752257,80347,62978
K02000001,United Kingdom,overview,05/12/2020,561836,231091,1738685,79911,62558
K02000001,United Kingdom,overview,04/12/2020,560589,229712,1725954,79504,62163
K02000001,United Kingdom,overview,03/12/2020,578098,228280,1710299,79005,61688
K02000001,United Kingdom,overview,02/12/2020,578287,226778,1694674,78501,61214
K02000001,United Kingdom,overview,01/12/2020,578137,225292,1678201,78087,60828
K02000001,United Kingdom,overview,30/11/2020,568415,223802,1661751,77662,60429
K02000001,United Kingdom,overview,29/11/2020,541159,222396,1643746,77197,60006
K02000001,United Kingdom,overview,28/11/2020,536262,221008,1633065,76696,59541
K02000001,United Kingdom,overview,27/11/2020,534326,219788,1622105,76210,59074
K02000001,United Kingdom,overview,26/11/2020,533800,218508,1607742,75750,58649
K02000001,United Kingdom,overview,25/11/2020,534125,217082,1593176,75289,58216
K02000001,United Kingdom,overview,24/11/2020,528125,215468,1576567,74790,57732
K02000001,United Kingdom,overview,23/11/2020,525856,213969,1560120,74294,57271
K02000001,United Kingdom,overview,22/11/2020,535906,212381,1541355,73786,56807
K02000001,United Kingdom,overview,21/11/2020,538088,210889,1529627,73274,56332
K02000001,United Kingdom,overview,20/11/2020,537326,209427,1517280,72776,55866
K02000001,United Kingdom,overview,19/11/2020,537771,207876,1500437,72291,55412
K02000001,United Kingdom,overview,18/11/2020,536471,206189,1482693,71806,54951
K02000001,United Kingdom,overview,17/11/2020,529691,204403,1461946,71292,54464
K02000001,United Kingdom,overview,16/11/2020,519417,202685,1438792,70826,54024
K02000001,United Kingdom,overview,15/11/2020,504595,200914,1412223,70395,53601
K02000001,United Kingdom,overview,14/11/2020,514418,199239,1396203,69938,53147
K02000001,United Kingdom,overview,13/11/2020,520135,197622,1378217,69479,52716
K02000001,United Kingdom,overview,12/11/2020,519951,195971,1354187,69029,52280
K02000001,United Kingdom,overview,11/11/2020,518957,194055,1329729,68599,51859
K02000001,United Kingdom,overview,10/11/2020,511451,192083,1302385,68190,51468
K02000001,United Kingdom,overview,09/11/2020,504491,190227,1274976,67780,51077
K02000001,United Kingdom,overview,08/11/2020,517957,188458,1243939,67287,50595
K02000001,United Kingdom,overview,07/11/2020,527761,186766,1223985,66854,50180
K02000001,United Kingdom,overview,06/11/2020,530046,185207,1205469,66437,49788
K02000001,United Kingdom,overview,05/11/2020,529268,183789,1182155,66020,49387
K02000001,United Kingdom,overview,04/11/2020,523468,182198,1158422,65632,49007
K02000001,United Kingdom,overview,03/11/2020,523868,180510,1134752,65292,48678
K02000001,United Kingdom,overview,02/11/2020,513334,178984,1109176,64915,48317
K02000001,United Kingdom,overview,01/11/2020,509007,177410,1077669,64577,47980
K02000001,United Kingdom,overview,31/10/2020,519289,175912,1061923,64218,47621
K02000001,United Kingdom,overview,30/10/2020,472592,174451,1045442,63878,47301
K02000001,United Kingdom,overview,29/10/2020,468979,173066,1022793,63526,46962
K02000001,United Kingdom,overview,28/10/2020,459069,171474,999455,63206,46649
K02000001,United Kingdom,overview,27/10/2020,433474,169980,975853,62925,46362
K02000001,United Kingdom,overview,26/10/2020,427312,168481,951779,62640,46096
K02000001,United Kingdom,overview,25/10/2020,364164,166940,925236,62358,45816
K02000001,United Kingdom,overview,24/10/2020,361246,165517,909522,62103,45566
K02000001,United Kingdom,overview,23/10/2020,356668,164255,893301,61884,45353
K02000001,United Kingdom,overview,22/10/2020,347674,162956,871849,61659,45130
K02000001,United Kingdom,overview,21/10/2020,367108,161671,848628,61417,44894
K02000001,United Kingdom,overview,20/10/2020,364574,160407,823204,61185,44673
K02000001,United Kingdom,overview,19/10/2020,359220,159214,797897,60975,44476
K02000001,United Kingdom,overview,18/10/2020,330370,158106,772298,60782,44284
K02000001,United Kingdom,overview,17/10/2020,327668,157015,758110,60615,44124
K02000001,United Kingdom,overview,16/10/2020,328461,155983,743364,60429,43946
K02000001,United Kingdom,overview,15/10/2020,323006,155058,725655,60267,43796
K02000001,United Kingdom,overview,14/10/2020,345135,154011,707238,60115,43645
K02000001,United Kingdom,overview,13/10/2020,344426,153023,687550,59992,43529
K02000001,United Kingdom,overview,12/10/2020,344159,151992,668674,59873,43418
K02000001,United Kingdom,overview,11/10/2020,309921,151102,649255,59753,43305
K02000001,United Kingdom,overview,10/10/2020,308630,150278,637201,59625,43181
K02000001,United Kingdom,overview,09/10/2020,306630,149554,624703,59518,43077
K02000001,United Kingdom,overview,08/10/2020,313399,148846,608990,59422,42998
K02000001,United Kingdom,overview,07/10/2020,303164,148132,590764,59325,42905
K02000001,United Kingdom,overview,06/10/2020,303070,147438,572458,59215,42803
K02000001,United Kingdom,overview,05/10/2020,302587,146714,555415,59131,42732
K02000001,United Kingdom,overview,04/10/2020,298547,146084,538876,59063,42660
K02000001,United Kingdom,overview,03/10/2020,295497,145452,527083,59000,42600
K02000001,United Kingdom,overview,02/10/2020,297149,144919,515561,58930,42533
K02000001,United Kingdom,overview,01/10/2020,296699,144390,501878,58856,42464
K02000001,United Kingdom,overview,30/09/2020,310993,143861,488693,58785,42398
K02000001,United Kingdom,overview,29/09/2020,288899,143409,476140,58724,42341
K02000001,United Kingdom,overview,28/09/2020,287690,142967,465916,58676,42293
K02000001,United Kingdom,overview,27/09/2020,268815,142522,455999,58621,42239
K02000001,United Kingdom,overview,26/09/2020,270097,142179,449030,58565,42192
K02000001,United Kingdom,overview,25/09/2020,270921,141827,442286,58518,42153
K02000001,United Kingdom,overview,24/09/2020,270965,141445,435050,58478,42121
K02000001,United Kingdom,overview,23/09/2020,263971,141020,427454,58444,42086
K02000001,United Kingdom,overview,22/09/2020,258877,140596,420405,58386,42029
K02000001,United Kingdom,overview,21/09/2020,263689,140244,414008,58347,41990
K02000001,United Kingdom,overview,20/09/2020,257377,139872,408411,58317,41963
K02000001,United Kingdom,overview,19/09/2020,255570,139583,403097,58277,41931
K02000001,United Kingdom,overview,18/09/2020,255949,139322,398252,58252,41911
K02000001,United Kingdom,overview,17/09/2020,253521,139059,393299,58222,41887
K02000001,United Kingdom,overview,16/09/2020,252911,138794,388680,58184,41860
K02000001,United Kingdom,overview,15/09/2020,242911,138509,384334,58153,41834
K02000001,United Kingdom,overview,14/09/2020,242817,138239,380796,58127,41816
K02000001,United Kingdom,overview,13/09/2020,231921,137981,377416,58106,41795
K02000001,United Kingdom,overview,12/09/2020,232015,137755,375287,58086,41779
K02000001,United Kingdom,overview,11/09/2020,234857,137537,372632,58063,41761
K02000001,United Kingdom,overview,10/09/2020,234817,137307,369346,58043,41748
K02000001,United Kingdom,overview,09/09/2020,243817,137088,365770,58027,41735
K02000001,United Kingdom,overview,08/09/2020,243817,136885,362443,58013,41726
K02000001,United Kingdom,overview,07/09/2020,238763,136699,359140,57997,41717
K02000001,United Kingdom,overview,06/09/2020,226773,136553,355284,57973,41702
K02000001,United Kingdom,overview,05/09/2020,221867,136414,352844,57960,41694
K02000001,United Kingdom,overview,04/09/2020,221149,136284,350304,57946,41681
K02000001,United Kingdom,overview,03/09/2020,221337,136129,347268,57931,41674
K02000001,United Kingdom,overview,02/09/2020,238837,135983,344174,57922,41664
K02000001,United Kingdom,overview,01/09/2020,238837,135836,341182,57907,41655
K02000001,United Kingdom,overview,31/08/2020,239222,135702,338933,57896,41652
K02000001,United Kingdom,overview,30/08/2020,217768,135611,337432,57878,41643
K02000001,United Kingdom,overview,29/08/2020,217902,135533,336273,57867,41637
K02000001,United Kingdom,overview,28/08/2020,221034,135423,335051,57859,41632
K02000001,United Kingdom,overview,27/08/2020,221059,135286,333429,57847,41622
K02000001,United Kingdom,overview,26/08/2020,221059,135134,331878,57835,41614
K02000001,United Kingdom,overview,25/08/2020,218059,135002,330527,57819,41603
K02000001,United Kingdom,overview,24/08/2020,217965,134880,329282,57797,41591
K02000001,United Kingdom,overview,23/08/2020,199793,134787,328009,57787,41585
K02000001,United Kingdom,overview,22/08/2020,199887,134713,327185,57770,41571
K02000001,United Kingdom,overview,21/08/2020,210065,134641,326362,57758,41563
K02000001,United Kingdom,overview,20/08/2020,210079,134532,325165,57748,41556
K02000001,United Kingdom,overview,19/08/2020,208079,134434,323706,57732,41548
K02000001,United Kingdom,overview,18/08/2020,203402,134317,322465,57719,41545
K02000001,United Kingdom,overview,17/08/2020,203308,134186,321383,57704,41536
K02000001,United Kingdom,overview,16/08/2020,204986,134088,320105,57683,41524
K02000001,United Kingdom,overview,15/08/2020,203227,134008,319507,57668,41520
K02000001,United Kingdom,overview,14/08/2020,204942,133909,318813,57645,41508
K02000001,United Kingdom,overview,13/08/2020,207046,133806,317652,57627,41501
K02000001,United Kingdom,overview,12/08/2020,210046,133676,316513,57604,41492
K02000001,United Kingdom,overview,11/08/2020,210046,133575,315308,57580,41485
K02000001,United Kingdom,overview,10/08/2020,209952,133461,313968,57560,41475
K02000001,United Kingdom,overview,09/08/2020,206989,133374,312500,57535,41462
K02000001,United Kingdom,overview,08/08/2020,205227,133267,311886,57516,41454
K02000001,United Kingdom,overview,07/08/2020,207942,133126,311190,57494,41440
K02000001,United Kingdom,overview,06/08/2020,210631,133010,310247,57470,41428
K02000001,United Kingdom,overview,05/08/2020,208631,132908,309167,57449,41419
K02000001,United Kingdom,overview,04/08/2020,208631,132767,308110,57436,41413
K02000001,United Kingdom,overview,03/08/2020,208497,132639,307092,57409,41399
K02000001,United Kingdom,overview,02/08/2020,208313,132529,306055,57386,41384
K02000001,United Kingdom,overview,01/08/2020,206212,132434,305500,57369,41374
K02000001,United Kingdom,overview,31/07/2020,215057,132307,304958,57349,41363
K02000001,United Kingdom,overview,30/07/2020,211803,132192,304282,57318,41349
K02000001,United Kingdom,overview,29/07/2020,211803,132060,303357,57301,41339
K02000001,United Kingdom,overview,28/07/2020,211803,131927,302320,57273,41327
K02000001,United Kingdom,overview,27/07/2020,209709,131808,301479,57247,41315
K02000001,United Kingdom,overview,26/07/2020,208485,131678,300622,57229,41304
K02000001,United Kingdom,overview,25/07/2020,206702,131569,300064,57197,41288
K02000001,United Kingdom,overview,24/07/2020,209547,131450,299541,57174,41272
K02000001,United Kingdom,overview,23/07/2020,206426,131292,298769,57155,41265
K02000001,United Kingdom,overview,22/07/2020,206426,131092,297973,57119,41249
K02000001,United Kingdom,overview,21/07/2020,206426,130934,297179,57085,41232
K02000001,United Kingdom,overview,20/07/2020,206332,130807,296398,57054,41212
K02000001,United Kingdom,overview,19/07/2020,197729,130677,295586,57023,41200
K02000001,United Kingdom,overview,18/07/2020,196351,130551,295143,56999,41186
K02000001,United Kingdom,overview,17/07/2020,198606,130446,294646,56968,41172
K02000001,United Kingdom,overview,16/07/2020,203277,130302,294066,56934,41154
K02000001,United Kingdom,overview,15/07/2020,221270,130135,293361,56913,41141
K02000001,United Kingdom,overview,14/07/2020,219770,129969,292587,56872,41121
K02000001,United Kingdom,overview,13/07/2020,213655,129782,291895,56830,41100
K02000001,United Kingdom,overview,12/07/2020,211526,129593,291161,56785,41076
K02000001,United Kingdom,overview,11/07/2020,209001,129479,290792,56753,41063
K02000001,United Kingdom,overview,10/07/2020,211134,129302,290346,56715,41042
K02000001,United Kingdom,overview,09/07/2020,215683,129127,289783,56671,41021
K02000001,United Kingdom,overview,08/07/2020,210683,128912,289064,56610,40984
K02000001,United Kingdom,overview,07/07/2020,213683,128704,288362,56563,40960
K02000001,United Kingdom,overview,06/07/2020,212589,128489,287758,56520,40933
K02000001,United Kingdom,overview,05/07/2020,199593,128284,287054,56466,40898
K02000001,United Kingdom,overview,04/07/2020,198001,128088,286498,56414,40871
K02000001,United Kingdom,overview,03/07/2020,200134,127885,286097,56362,40838
K02000001,United Kingdom,overview,02/07/2020,202495,127671,285523,56314,40809
K02000001,United Kingdom,overview,01/07/2020,201919,127454,284914,56253,40766
K02000001,United Kingdom,overview,30/06/2020,201919,127185,284256,56199,40739
K02000001,United Kingdom,overview,29/06/2020,205635,126889,283639,56118,40692
K02000001,United Kingdom,overview,28/06/2020,202838,126668,282911,56049,40653
K02000001,United Kingdom,overview,27/06/2020,199026,126460,282465,55978,40608
K02000001,United Kingdom,overview,26/06/2020,201729,126173,281813,55905,40559
K02000001,United Kingdom,overview,25/06/2020,201541,125834,281144,55826,40518
K02000001,United Kingdom,overview,24/06/2020,200983,125509,280424,55718,40450
K02000001,United Kingdom,overview,23/06/2020,200999,125141,279649,55617,40376
K02000001,United Kingdom,overview,22/06/2020,203022,124778,278761,55520,40312
K02000001,United Kingdom,overview,21/06/2020,201078,124383,277867,55437,40248
K02000001,United Kingdom,overview,20/06/2020,201172,124095,277230,55357,40194
K02000001,United Kingdom,overview,19/06/2020,199216,123838,276544,55270,40134
K02000001,United Kingdom,overview,18/06/2020,198609,123502,275549,55182,40082
K02000001,United Kingdom,overview,17/06/2020,198609,123097,274523,55092,40021
K02000001,United Kingdom,overview,16/06/2020,198609,122664,273511,54987,39962
K02000001,United Kingdom,overview,15/06/2020,202327,122208,272408,54867,39878
K02000001,United Kingdom,overview,14/06/2020,200120,121768,271367,54760,39808
K02000001,United Kingdom,overview,13/06/2020,200214,121404,270548,54624,39722
K02000001,United Kingdom,overview,12/06/2020,188234,121018,269661,54523,39660
K02000001,United Kingdom,overview,11/06/2020,188704,120624,268602,54388,39580
K02000001,United Kingdom,overview,10/06/2020,187704,120178,267592,54267,39500
K02000001,United Kingdom,overview,09/06/2020,187704,119666,266400,54101,39391
K02000001,United Kingdom,overview,08/06/2020,184742,119173,265246,53964,39301
K02000001,United Kingdom,overview,07/06/2020,186455,118761,264150,53803,39176
K02000001,United Kingdom,overview,06/06/2020,186549,118353,263428,53640,39048
K02000001,United Kingdom,overview,05/06/2020,188912,117946,262622,53489,38938
K02000001,United Kingdom,overview,04/06/2020,179536,117471,261497,53305,38815
K02000001,United Kingdom,overview,03/06/2020,179307,116905,260246,53122,38681
K02000001,United Kingdom,overview,02/06/2020,179307,116271,258888,52919,38526
K02000001,United Kingdom,overview,01/06/2020,179213,115603,257403,52686,38358
K02000001,United Kingdom,overview,31/05/2020,166540,114999,255964,52487,38223
K02000001,United Kingdom,overview,30/05/2020,164634,114470,254883,52292,38097
K02000001,United Kingdom,overview,29/05/2020,165443,113902,253765,52073,37934
K02000001,United Kingdom,overview,28/05/2020,163255,113288,252238,51819,37748
K02000001,United Kingdom,overview,27/05/2020,161164,112585,250484,51531,37531
K02000001,United Kingdom,overview,26/05/2020,160164,111873,248659,51249,37334
K02000001,United Kingdom,overview,25/05/2020,143070,111175,246601,50949,37120
K02000001,United Kingdom,overview,24/05/2020,128853,110573,244986,50670,36920
K02000001,United Kingdom,overview,23/05/2020,123691,109986,243622,50389,36724
K02000001,United Kingdom,overview,22/05/2020,125421,109343,242095,50105,36504
K02000001,United Kingdom,overview,21/05/2020,127612,108603,240043,49805,36281
K02000001,United Kingdom,overview,20/05/2020,124855,107762,237478,49463,36043
K02000001,United Kingdom,overview,19/05/2020,118867,106911,234777,49110,35775
K02000001,United Kingdom,overview,18/05/2020,116867,106030,231727,48738,35500
K02000001,United Kingdom,overview,17/05/2020,118822,105180,229152,48331,35207
K02000001,United Kingdom,overview,16/05/2020,117822,104387,227318,47954,34940
K02000001,United Kingdom,overview,15/05/2020,128203,103574,225244,47535,34626
K02000001,United Kingdom,overview,14/05/2020,127498,102703,222719,47114,34312
K02000001,United Kingdom,overview,13/05/2020,125400,101794,220097,46649,33978
K02000001,United Kingdom,overview,12/05/2020,116982,100828,216788,46195,33661
K02000001,United Kingdom,overview,11/05/2020,109670,99845,213400,45754,33340
K02000001,United Kingdom,overview,10/05/2020,107356,98816,209826,45326,33031
K02000001,United Kingdom,overview,09/05/2020,95106,97900,207504,44832,32683
K02000001,United Kingdom,overview,08/05/2020,89170,96956,205339,44293,32305
K02000001,United Kingdom,overview,07/05/2020,101321,96046,202277,43724,31922
K02000001,United Kingdom,overview,06/05/2020,99921,94880,198506,43093,31461
K02000001,United Kingdom,overview,05/05/2020,99454,93674,194687,42466,31002
K02000001,United Kingdom,overview,04/05/2020,93248,92528,191021,41824,30537
K02000001,United Kingdom,overview,03/05/2020,107108,91279,187631,41148,30053
K02000001,United Kingdom,overview,02/05/2020,107024,90091,184642,40486,29603
K02000001,United Kingdom,overview,01/05/2020,120979,88911,181411,39781,29109
K02000001,United Kingdom,overview,30/04/2020,121715,87648,176678,38995,28541
K02000001,United Kingdom,overview,29/04/2020,85865,86207,171723,38215,27990
K02000001,United Kingdom,overview,28/04/2020,76665,84719,166302,37398,27418
K02000001,United Kingdom,overview,27/04/2020,72700,83201,161590,36597,26857
K02000001,United Kingdom,overview,26/04/2020,51762,81663,156885,35731,26263
K02000001,United Kingdom,overview,25/04/2020,53392,80308,153415,34837,25630
K02000001,United Kingdom,overview,24/04/2020,49362,79055,149673,33918,24983
K02000001,United Kingdom,overview,23/04/2020,53367,77529,144724,32913,24300
K02000001,United Kingdom,overview,22/04/2020,50621,76015,139582,31875,23622
K02000001,United Kingdom,overview,21/04/2020,47773,74486,134102,30773,22891
K02000001,United Kingdom,overview,20/04/2020,40898,72774,129340,29688,22146
K02000001,United Kingdom,overview,19/04/2020,39898,71040,124925,28528,21363
K02000001,United Kingdom,overview,18/04/2020,35898,69383,121073,27406,20594
K02000001,United Kingdom,overview,17/04/2020,34308,67754,116372,26217,19794
K02000001,United Kingdom,overview,16/04/2020,38608,65787,111440,24945,18975
K02000001,United Kingdom,overview,15/04/2020,38266,63776,106170,23623,18131
K02000001,United Kingdom,overview,14/04/2020,35071,61896,101131,22347,17253
K02000001,United Kingdom,overview,13/04/2020,32671,59808,96834,21093,16396
K02000001,United Kingdom,overview,12/04/2020,27447,57646,92667,19861,15500
K02000001,United Kingdom,overview,11/04/2020,27447,55580,89189,18483,14541
K02000001,United Kingdom,overview,10/04/2020,26057,53417,85637,17118,13585
K02000001,United Kingdom,overview,09/04/2020,26557,50954,81326,15799,12641
K02000001,United Kingdom,overview,08/04/2020,24469,48325,76474,14424,11640
K02000001,United Kingdom,overview,07/04/2020,18149,45358,71359,12963,10564
K02000001,United Kingdom,overview,06/04/2020,18049,42208,65928,11670,9565
K02000001,United Kingdom,overview,05/04/2020,15699,39162,60667,10500,8670
K02000001,United Kingdom,overview,04/04/2020,15699,36245,57085,9280,7753
K02000001,United Kingdom,overview,03/04/2020,15499,33323,53078,8133,6847
K02000001,United Kingdom,overview,02/04/2020,15499,30393,48187,7072,6007
K02000001,United Kingdom,overview,01/04/2020,15499,27107,43331,6065,5201
K02000001,United Kingdom,overview,31/03/2020,15499,23540,38400,5141,4432
K02000001,United Kingdom,overview,30/03/2020,12799,20708,33885,4310,3771
K02000001,United Kingdom,overview,29/03/2020,12799,17516,29626,3599,3180
K02000001,United Kingdom,overview,28/03/2020,10949,15027,26774,3013,2674
K02000001,United Kingdom,overview,27/03/2020,10949,12835,23958,2497,2238
K02000001,United Kingdom,overview,26/03/2020,10949,10608,20772,2034,1840
K02000001,United Kingdom,overview,25/03/2020,10949,8681,17691,1621,1478
K02000001,United Kingdom,overview,24/03/2020,10949,6596,15004,1284,1175
K02000001,United Kingdom,overview,23/03/2020,10949,4879,12634,1021,938
K02000001,United Kingdom,overview,22/03/2020,10949,,10312,813,752
K02000001,United Kingdom,overview,21/03/2020,6127,,8939,630,588
K02000001,United Kingdom,overview,20/03/2020,6127,,7746,486,458
K02000001,United Kingdom,overview,19/03/2020,,,6487,368,349
K02000001,United Kingdom,overview,18/03/2020,,,5438,289,275
K02000001,United Kingdom,overview,17/03/2020,,,4446,216,207
K02000001,United Kingdom,overview,16/03/2020,,,3659,158,155
K02000001,United Kingdom,overview,15/03/2020,,,3058,107,108
K02000001,United Kingdom,overview,14/03/2020,,,2617,76,76
K02000001,United Kingdom,overview,13/03/2020,,,2255,55,54
K02000001,United Kingdom,overview,12/03/2020,,,1775,39,38
K02000001,United Kingdom,overview,11/03/2020,,,1293,26,25
K02000001,United Kingdom,overview,10/03/2020,,,890,19,17
K02000001,United Kingdom,overview,09/03/2020,,,624,16,14
K02000001,United Kingdom,overview,08/03/2020,,,477,11,9
K02000001,United Kingdom,overview,07/03/2020,,,420,9,6
K02000001,United Kingdom,overview,06/03/2020,,,353,9,6
K02000001,United Kingdom,overview,05/03/2020,,,272,7,6
K02000001,United Kingdom,overview,04/03/2020,,,222,5,3
K02000001,United Kingdom,overview,03/03/2020,,,166,4,3
K02000001,United Kingdom,overview,02/03/2020,,,109,4,1
K02000001,United Kingdom,overview,01/03/2020,,,70,3,
K02000001,United Kingdom,overview,29/02/2020,,,48,3,
K02000001,United Kingdom,overview,28/02/2020,,,43,3,
K02000001,United Kingdom,overview,27/02/2020,,,30,3,
K02000001,United Kingdom,overview,26/02/2020,,,22,3,
K02000001,United Kingdom,overview,25/02/2020,,,18,3,
K02000001,United Kingdom,overview,24/02/2020,,,13,3,
K02000001,United Kingdom,overview,23/02/2020,,,11,3,
K02000001,United Kingdom,overview,22/02/2020,,,10,3,
K02000001,United Kingdom,overview,21/02/2020,,,10,2,
K02000001,United Kingdom,overview,20/02/2020,,,9,2,
K02000001,United Kingdom,overview,19/02/2020,,,9,2,
K02000001,United Kingdom,overview,18/02/2020,,,9,2,
K02000001,United Kingdom,overview,17/02/2020,,,9,2,
K02000001,United Kingdom,overview,16/02/2020,,,9,2,
K02000001,United Kingdom,overview,15/02/2020,,,9,2,
K02000001,United Kingdom,overview,14/02/2020,,,9,2,
K02000001,United Kingdom,overview,13/02/2020,,,9,2,
K02000001,United Kingdom,overview,12/02/2020,,,9,2,
K02000001,United Kingdom,overview,11/02/2020,,,9,2,
K02000001,United Kingdom,overview,10/02/2020,,,8,2,
K02000001,United Kingdom,overview,09/02/2020,,,8,2,
K02000001,United Kingdom,overview,08/02/2020,,,7,2,
K02000001,United Kingdom,overview,07/02/2020,,,3,2,
K02000001,United Kingdom,overview,06/02/2020,,,3,2,
K02000001,United Kingdom,overview,05/02/2020,,,3,2,
K02000001,United Kingdom,overview,04/02/2020,,,2,2,
K02000001,United Kingdom,overview,03/02/2020,,,2,2,
K02000001,United Kingdom,overview,02/02/2020,,,2,2,
K02000001,United Kingdom,overview,01/02/2020,,,2,1,
K02000001,United Kingdom,overview,31/01/2020,,,2,1,
K02000001,United Kingdom,overview,30/01/2020,,,2,1,